Eligible Credit Cards,Eligible Debit Cards
RBL Bank Platinum LifeEasy Credit Card,Visa Celesta Contactless Debit Card
VISA Platinum Credit Card,Visa Imperio Contactless Debit Card
Makemytrip ICICI Bank Signature Credit Card,Visa Crown Contactless Debit Card
Samsung Axis Bank Infinite Credit Card,Visa FedFirst Contactless Debit Card
RBL Bank Platinum Edge Credit Card,Mastercard Celesta Contactless Debit Card
Indian Overseas Bank Classic Credit Card,Mastercard Imperio Contactless Debit Card
Axis Bank Miles And More World Credit Card,Mastercard Crown Contactless Debit Card
Bajaj Finance Platinum Plus SuperCard,Rupay Crown Debit Card
Canara Bank Rupay Classic Credit Card,Rupay Platinum Contactless Debit Card
Shoppers Stop HDFC Bank Credit Card,RuPay PMJDY Debit Card
DBS Spark5 Credit Card   ,Bandhan Bank Mastercard Platinum Debit Card
Tata Star Titanium Card,Bandhan Bank Mastercard Titanium Debit Card
Indusind Bank Nexxt Credit Card,Bandhan Bank Visa Platinum Debit Card
Bajaj Finserv DBS Bank 7X Plus Rewards Supercard,Bandhan Bank RuPay Platinum Debit Card
Indianoil Citi Credit Card,Bandhan Bank Visa Classic Debit Card 
Axis Bank Horizon Credit Card,Bandhan Bank RuPay Classic Debit Card
SBM Rupicard Credit Card,Bandhan Bank Avni Debit Card
Axis Bank Neo Credit Card ,Bandhan Bank PMJDY (Pradhan Mantri Jan-Dhan Yojana) Debit Card
RBL Bank Platinum TravelEasy Credit Card ,Bandhan Bank Elite Debit Card
Miles Elite SBI Card,Bandhan Bank Elite Plus Debit Card
Paytm HDFC Bank Credit Card,Bandhan Bank Legacy Debit Card
RBL Bank Mocash Credit Card,Bandhan Bank Mastercard Platinum Plus Debit Card
Federal Bank Visa Imperio,Catholic Syrian Bank Visa Signature Debit Card
Indian Overseas Bank Credit Card Gold,Catholic Syrian Bank RuPay Platinum
Indian Coast Guard Rakshamah Bank of Baroda,Catholic Syrian Bank VISA Platinum
RBL Bank Platinum LifeEasy Visa Credit Card,Catholic Syrian Bank RuPay Classic
FabIndia SBI Card,Catholic Syrian Bank RuPay PMJDY
RBL Bank Platinum TravelEasy Visa Credit Card ,Catholic Syrian Bank Senior Citizen Debit Card
Tata Neu Plus HDFC Bank RuPay Credit Card,Catholic Syrian Bank Women Debit Card
Canara Bank Rupay Select Secured Credit Card,Catholic Syrian Bank Salary Debit Card (HV)
RBL Bank Paisabazaar Duet Card,Catholic Syrian Bank Platinum Max Debit Card
Bank of India Visa Platinum International Credit Card,Catholic Syrian Bank Visa classic 
HDFC Bank Infinia Credit Card Metal Edition,KBL MoneyPlant NCMC Contactless RuPay Platinum International Debit Card
DBS Spark20 Credit Card ,KBL MoneyPlant Visa Classic Debit Card
HDFC Bharat Credit Card,KBL MoneyPlant RuPay Classic Debit Card
SELECT,KBL MoneyPlant RuPay Classic Debit Card
Easy EMI Card,KBL MoneyPlant RuPay Platinum International Debit Card
PVR Inox Kotak Credit Card ,KBL Visa Classic Contactless Debit Card
Axis Bank Privilege Easy Credit Card,KBL Visa International Contactless Debit Card
Axis Bank Vistara Infinite Credit Card,KBL MoneyPlant RuPay Kisan Debit Card
Platinum Edge Super Card,KBL MoneyPlant RuPay MUDRA Card
HDFC Bank UPI RuPay Credit Card ,KBL MoneyPlant NCMC RuPay Select International Premium Debit Card
J&K Bank Gold Credit Card,KBL MoneyPlant RuPay PMJDY Debit Card
YES Bank Rio RuPay Credit Card,KBL MoneyPlant NCMC Contactless RuPay Platinum International Debit Card
Indusind Indus Solitaire Credit Card,KBL MoneyPlant RuPay PMJDY Debit Card
SBM Paisabazaar Step-Up Credit Card,KBL MoneyPlant RuPay International Platinum Debit Card
Indusind InterMiles Odyssey Amex Credit Card,KBL MoneyPlant NCMC RuPay Domestic Debit Card
Aditya Birla SBI Card Select,KBL MoneyPlant Visa International Debit Card
HDFC Pixel Play Credit Card,IDBI Bank VISA Signature PayWave Debit Card
RBL Bank DMI Finance Credit Card,IDBI Bank VISA Platinum PayWave Debit Card 
SBI Card Unnati,IDBI Bank RuPay Platinum Debit Card
Yes Prosperity Edge Credit Card,IDBI Bank VISA Gold Debit Card
Bajaj Finance Myfirst Super Card,IDBI Bank Mastercard Gold Debit Card
Paytm HDFC Bank Select Business Credit Card,IDBI Bank RuPay Platinum NCMC Card
Dhanlakshmi Platinum Credit Card,IDBI Bank RuPay Classic NCMC Card
PNB VISA Gold Card,IDBI Bank VISA Classic PayWave Debit Card
Emirates Skywards ICICI Bank Emerald Credit Card,IDBI Bank Mastercard Classic Debit Card 
"Tata Neu Plus SBI Card
",IDBI Bank RuPay Classic Debit Card
AU LIT Credit Card,IDBI Bank VISA Women's PayWave Debit Card
Yes Bank Finbooster Credit Card,IDBI Bank RuPay Women's Debit Card
Bajaj Finance Platinum Shopgain Super Card ,IDBI Bank VISA Being Me PayWave Debit Card
IDBI Imperium Platinum,IDBI Bank VISA Kids PayWave Debit Card
Fed Starbiz Rupay Credit Card,IDBI Bank RuPay Kids Debit Card
Yes Bank Wellness Credit Card,IDBI Bank RuPay Mudra Debit Card
DBS Spark Credit Card,IDBI Bank RuPay Kisan Card
Union Bank of India Visa Signature Credit Card,IDBI Bank RuPay PMJDY Card
Yes Private Prime Credit Card,RBL Bank Enterprise Debit Card
Paytm HDFC Bank Mobile Credit Card,RBL Bank Signature+ Debit Card
Club Vistara SBI Card Prime,RBL Bank Pinnacle Debit Card
Yes Bank Wellness Plus Credit Card,RBL Bank Crest Debit Card
IRCTC Bobcard,RBL Bank GO Debit Card 
InterMiles HDFC Bank Signature Credit Card,RBL Bank Next Debit Card
Yes Prosperity Reward Credit Card,RBL Bank Signature Debit Card
Bajaj Finserv DBS Bank 5X Plus Rewards Supercard,RBL Bank Platinum First Debit Card
Tata Neu Infinity SBI Card ,RBL Bank Titanium First Debit Card
World Prime Super Card,RBL Bank Woman's First Debit Card
HDFC Diners Club Privilege Credit Card,RBL Bank FINJA Debit card 
HDFC Bank Biz First Credit Card,RBL Bank Business First Debit Card (Maestro Account)
SBM Gild Credit Card,RBL Bank Business First Debit Card
Axis Bank Miles And More World Select Credit Card,RBL India Startup Club Business Debit Card
Snapdeal Bobcard,RBL Platinum Debit Card 
Bandhan Bank Xclusive Credit Card,RBL Classic Debit Card
Indianoil RBL Bank Xtra Credit Card,RBL Rupay Debit Card
Shaurya Select SBI Credit Card,RBL Rupay Kisan Debit Card
IRCTC SBI Card Premier,Axis Bank Burgundy Private Debit Card
UCO Bank SimplySAVE SBI Card,Axis Bank Kisan Debit Card
IndusInd Tiger Credit Card,Axis Bank PMJDY Rupay Debit Card
Poonawalla Fincorp IndusInd Bank eLITE RuPay Credit Card,Axis Bank Flipkart Debit Card 
HDFC Bank Platinum Times Credit Card,Axis Bank Republic Debit Card
Doctor's SBI Card ,Axis Bank Delight Debit Card
Lifestyle Home Centre SBI Card,Axis Bank Value Plus Credit Card
IndusInd InterMiles,Axis Bank Online Rewards Debit Card
RBL Bank World Plus Credit Card  ,Axis Bank Burgundy Debit Card
Indianoil HDFC Bank Credit Card,Axis Bank Priority Debit Card
PNB Patanjali Rupay Select Card,Axis Bank Sampann Debit Card
IRCTC HDFC Bank Credit Card,Axis Bank Prestige Debit Card
HDFC Bank Business Gold Credit Card,Axis Bank E-Debit Card
Titan SBI Credit Card,Axis Bank Liberty Debit Card
MakeMyTrip ICICI Bank Credit Card,Axis Bank Burgundy World Debit Card
,Axis Bank Business Classic Debit Card
CSB Onecard Credit Card,Axis Bank Business Platinum Debit Card
RBL Bank World Plus MasterCard Credit Card ,Axis Bank Business Supreme Debit Card
Karnataka Bank Simplysave SBI Card,Axis Bank Reward+ Debit Card
The PNB Global Platinum Credit Card,Axis Bank Secure+ Debit Card
Indusind Indulge Credit Card,Axis Bank Rupay Platinum Debit Card
HDFC Pixel Go Rupay Credit Card ,Axis Bank Power Salute Debit Card
KVB Corporate Credit Card,Axis Bank Titanium Rewards Debit Card
Yes Bank Anq Pi Credit Card,Axis Bank Titanium Prime Debit Card
Federal Bank Visa Celesta,Axis Bank Wealth Debit Card
Indusind Platinum Aura Edge Credit Card,Axis Bank Display Debit Card
Unnati Bobcard,Axis Bank Youth Debit Card
Axis Bank Magnus Credit Card,Axis Bank Arise Debit Card 
HDFC Bank Titanium Times Card,Axis Bank NRI Domestic Titanium Debit Card
ICICI Bank Platinum Chip Credit Card ,Axis Bank Titanium Prime Plus Debit Card
Max SBI Credit Card,Axis Bank Titanium Prime Debit Card
RBL Bank Insignia Preferred Banking Card,Axis Bank Visa Classic Debit Card
PSB SBI Card Elite,Axis Bank Visa Platinum Debit Card
Yes Bank BYOC Credit Card,Axis Bank RuPay Platinum NRO Debit Card
Axis Bank Neo Credit Card,Axis Bank Smart Privilege Debit Card
Canara Bank Mastercard World Credit Card,Kotak Solitaire Debit Card
Indusind Bank Avios Visa Infinite Credit Card,Kotak Privy Neon League Debit Card
IDFC First Wow Credit Card,"Kotak Business Privy League Neon Platinum
"
Spicejet Axis Bank Voyage Credit Card,"Kotak Privy League Black Debit Card
"
RBL Bank Platinum Shopsmart Credit Card ,Kotak Privy League Platinum Debit Card
Ikea Family Citi Credit Card,Kotak Infinite Debit Card
HDFC Bank Moneyback Plus Credit Card,Kotak PVR Debit Card
Federal Bank Rupay Signet Credit Card,Kotak Signature Pro Debit Card
Bajaj Finance Binge Supercard,Kotak Rupay Debit Card
Bajaj Finserv DBS Bank 7X Rewards Supercard,Kotak #811 Dream Different Debit Card
Union Bank Rupay Platinum Credit Card,"Kotak Privy League Signature Debit Card
"
Swavlamban Bobcard,Kotak Silk Platinum Debit Card
FabIndia SBI Card Select,Kotak Business Power Platinum Debit Card
Cashback SBI Credit Card,Kotak Everyday Debit Card
RBL Bank Platinum Choice Credit Card,Kotak Classic One Debit Card
Karnataka Bank SimplySave SBI Card,Kotak World Debit Card
Max SBI Card Prime,Kotak Junior Debit Card 
Paytm HDFC Bank Select Credit Card,Kotak #PayShopMore Debit Card
Shoppers Stop BLACK HDFC Bank Credit Card,Kotak Privy League Platinum Debit Card
Doctor's SBI Card (In Association With IMA),"Kotak Gold Debit Card
"
Axis Bank Pride Platinum Credit Card,Kotak Jifi Platinum Debit Card
Paytm SBI Card Select,"Kotak Business Class Gold Debit Card
"
ICICI Bank Sapphiro Credit Card,Kotak Platinum Debit Card 
SBI Pulse Credit Card ,AU Royale Business Debit Card
RBL Bank VCard,AU Visa Business Gold Debit Card
Simplyclick Advantage SBI Card,AU Royale Debit Card
Federal Bank Scapia Credit Card,AU Visa Gold Debit Card
Aditya Birla SBI Card,AU Platinum Debit Card
Axis Bank Rewards Credit Card,AU Royale World Debit Card
DBS Spark 10 Mastercard Credit Card ,AU RuPay Platinum Debit Card
Kotak 811 Credit Card,AU RuPay Classic Debit Card
Bajaj Finance Platinum Max Supercard,AU Visa Business Platinum Debit Card
Canrara Bank Visa Gold Credit Card,AU Mastercard Platinum Debit Card
SIB Onecard Credit Card,Equitas Visa Classic Debit Card
HSBC Live+ Credit Card,Equitas Visa Platinum Debit Card
HSBC Premier Mastercard Credit Card,Equitas Visa Signature Debit Card
Reliance SBI Card Prime,Equitas Visa Gold Debit Card
6E Rewards XL IndiGo HDFC Bank Credit Card,Equitas Rupay Classic Debit Card
RBL Bank World Max MasterCard Credit Card,Equitas Rupay Platinum Debit Card
SBM Kredit.Pe Credit Card,"Equitas RuPay Insta Classic Saving Debit Card

"
Standard Chartered Super Value Titanium Credit Card,"Equitas RuPay Insta Classic Current Debit Card

"
Bandhan Bank One Credit Card,Capital Classic Debit Card
Simplysave Advantage SBI Card,Capital Classic Business Debit Card
Flipkart Axis Bank Superelite Credit Card,Capital Platinum Debit Card
KVB Honour Credit Card,Capital Platinum Business Debit Card
Air India SBI Platinum Credit Card,Capital International Platinum Debit Card
City Union Bank SBI Simplysave Credit Card,Capital Virtual Debit Card
CUB - SBI Simply SAVE Card,Utkarsh RuPay Classic Domestic Debit Cards
Kotak Mojo Platinum Credit Card,Utkarsh RuPay Platinum Domestic Debit Cards
HDFC Bank UPI RuPay Biz Credit Card,Utkarsh RuPay Select International Contactless Debit Cards
HDFC Bank MoneyBack Plus RuPay Credit Card,Utkarsh Mastercard Gold International Contactless Debit Cards
RBL Bank Platinum Prime Credit Card ,Utkarsh Mastercard Platinum International Contactless Debit Cards
Spar SBI Card Select,Utkarsh RuPay Classic International Contactless Debit Card
IRCTC SBI Platinum Card,Utkarsh RuPay Platinum International Contactless Debit Card
Intermiles HDFC Bank Diners Club Credit Card,Shivalik RuPay Classic Debit Card
RBL Bank Patanjali Swarn RuPay Card,Shivalik RuPay Platinum Debit Card
ICICI Bank Coral Credit Card,Airtel APBL Platinum Debit Card � Personalized
Platinum Prime SuperCard,Airtel Personalized Classic Debit Card
IDFC First Private Credit Card,Airtel Insta Classic Debit Card (non-personalized)
Indian Army Yoddha Bobcard,Airtel Business (Corporate) Debit Card
HPCL BoB ENERGIE,Airtel Wearable Debit Card (smartwatch/band form factor)
Tata Card Select,Airtel Transit Debit Card (NCMC-enabled)
J&K Bank Platinum Credit Card,Airtel Virtual Debit Card (digital-only via Airtel Thanks app)
Platinum ValuePlus SuperCard,Airtel Eco-friendly Debit Card
Flipkart Axis Bank Credit Card ,Fino Platinum Debit Card
Apollo SBI Card Select,Central Bank Rupay Select Wellness Card 
RBL Bank Platinum ShopDaily Visa Credit Card,Central Bank Rupay Platinum Debit Card 
PNB Rakshak Rupay Platinum Card,Central Bank Rupay Classic Debit Card
IndianOil HDFC Bank RuPay Credit Card ,Central Bank Business Card
HSBC TravelOne Credit Card,Central Bank Visa Platinum Card
IndusInd Bank Club Vistara Explorer Credit Card ,Bank of India Master Titanium Debit Card
Indusind Eazydiner Platinum Credit Card ,Bank of India RuPay Sangini Debit card
Indianoil Kotak Credit Card,Bank of India Rupay PMJDY Debit card
RBL Bank World Prime Credit Card ,Bank of India Rupay Mudra Debit card
Tata Neu Plus Visa SBI Card,Bank of India Rupay Kisan Debit card
ICICI Bank Emeralde Credit Card,Bank of India Rupay Punjab Arthia card
Tata Platinum Card Select,Bank of India VISA Classic Debit Card
IndianOil RBL Bank RuPay Credit Card,Bank of India Rupay NCMC Debit Card
Bajaj Finserv DBS Bank 10X Plus Signature SuperCard,Bank of India Master Bingo Debit card
Axis Bank Privilege Credit Card,Bank of India Visa Bingo Debit Card
HDFC Pixel Go Credit Card ,Canara Bank Rupay Select Debit Card
Rupay Select Credit Card,Canara Bank Mastercard World Debit Card
IndianOil RBL Bank XTRA RuPay Credit Card,Canra Bank Visa Platinum Debit Card
Aurum Credit Card,Canara Bank Rupay Platinum International Debit Card
RBL Bank World Max Credit Card  ,Canara Bank Mastercard World NRI Platina Debit Card
Simplyclick SBI Card,Canara Bank Visa Classic Debit Card
IndusInd Intermiles Odyssey Visa Credit Card ,Canara Bank Rupay Platinum Domestic Debit Card
Tata Neu Plus HDFC Bank Credit Card ,Canara Bank Mastercard Platinum Women Debit Card
RBL Bank Platinum Plus Credit Card  ,Canara Bank Mastercard Platinum Millennial Debit Card
SBM Magnet Credit Card,Canara Bank Rupay Classic Debit Card
IndusInd Celesta American Express Credit Card,Canara Bank Mastercard Platinum Debit Card
Ixigo AU Travel Credit Card,Canara Bank Mastercard Business Debit Card
Lifestyle Home Centre SBI Card Prime,Canara Bank MasterCard Standard Debit Card
IDFC First Ashva Credit Card,Indian Bank RuPay Platinum Card (Contact)
PNB RuPay Platinum Credit Card,Indian Bank RuPay Platinum Card (Contactless)
American Express Smartearn Credit Card,Indian Bank Rupay International Platinum Card (Contact)
6E Rewards Indigo HDFC Bank Credit Card,Indian Bank RuPay Debit Select Card (Contactless)
ICICI Parakram Select Credit Card,Indian Bank Rupay Classic contactless card (NCMC)
LIC Axis Bank Platinum Credit Card,Indian Bank DIGI- RuPay Classic Card
IndusInd Eazydiner Credit Card,Indian Bank DIGI- Rupay Classic Card (Contactless)
Prime Bobcard,Indian Bank Senior Citizen Debit Card (Contact)
RBL Bank Bankbazaar Savemax Credit Card,Indian Bank PMJDY Card (Contact) 
Kotak Urbane Gold Credit Card,Indian Bank PMJDY Card (Contactless) 
Bajaj Finance Platinum Choice Super Card,Indian Bank Kalaignar Magalir Urimai Thittam (KMUT) Scheme Cards � Contactless
Emirates Skywards Rubyx Credit Card,Indian Bank Rupay Kisan Card
Karnataka Bank SBI Card Prime,Indian Bank MasterCard World (Contact)
RBL Bank World Prime Visa Credit Card ,Indian Bank MasterCard World Platinum (Contactless)
Bank of India Visa Gold Credit Card,Indian Bank MasterCard E � purse Debit Card
City Union Bank SBI Card Prime,Indian Bank MUDRA Card (Micro Units Development and Refinance Agency)
SBI Card Elite,Union Bank HNI Emperio Metal Debit Card
RBL Bank Platinum Maxima Credit Card,Union Bank Rupay Empower Her Debit Card
Canara Bank Visa Platinum Credit Card,Union Bank Qsparc Debit Card (Rupay)
Yes Prosperity Cashback Credit Card,Union Bank of India Business Debit Card (Platinum)
ICICI Bank Manchester United Signature Credit Card,Union Bank of India Classic Debit Card Rupay
Federal Bank Wave Credit Card ,Union Bank of India Classic Debit Card Visa
ICICI Bank Expressions Credit Card,Union Bank of India Platinum Debit Card
Spar SBI Card,Union Bank of India Contactless Debit Card Visa
YES Bank Marquee Credit Card,Union Bank of India Signature Contactless Debit Card (Visa)
RBL Bank Binge MasterCard Credit Card    ,Union Bank of India Rupay Select Debit Card
Bank of India Rupay Platinum Credit Card,Union Bank of India Business Platinum Debit Card
ICICI Parakram Credit Card,Union Bank of India Rupay JCB Platinum Urnro and Urnre
RBL Bank EasySaver Credit Card  ,SBI Virtual Debit Card
RBL Bank SalarySe Up RuPay Credit Card,SBI Global International Debit Card 
Bank of India SwaDhan Rupay Platinum Credit Card ,SBI Platinum International Debit Card
Kotak League Platinum Credit Card,SBI My Card International Debit Card
TVS Credit RBL Bank Card ,SBI IOCL Co-Branded Contactless RuPay Debit Card
IRCTC RBL Bank Credit Card,SBI Gold International Debit Card 
PNB EMT Rupay Platinum Credit Card,SBI Nari Shakti Platinum Debit Card
RBL Bank Play Credit Card,SBI Pragati Platinum Debit Card
Karur Vysya Bank SBI Platinum Credit Card,SBI Mastercard World Debit Card 
ICAI Exclusive Bobcard,HPCL Co-Branded Debit Card (Everyday Card)
Yes Prosperity Cashback Plus Credit Card,SBI One Touch Debit Card 
Axis Bank Signature Credit Card,Bank of Baroda Bhoomi RuPay Select Debit Card
Max SBI Card Select,Bank of Baroda EaseMyTrip  Debit Card
RBL Bank Cookie Credit Card,Bank of Baroda World VISA Opulence Debit Card
Axis Bank Freecharge Plus Credit Card,Bank of Baroda RuPay Select Debit Card
UCO Bank SBI Card Prime,Bank of Baroda Visa Platinum Debit Card
Intermiles Amex Voyage Credit Card,Bank of Baroda MasterCard Platinum Debit Card
Tata Star Select Credit Card,Bank of Baroda Rupay Platinum Debit Card
HSBC Taj Credit Card,Bank of Baroda VISA Vyapaar Debit Card
Mastercard Platinum Credit Card,Baroda BPCL Debit Card
Tata Titanium Card,Bank of Baroda World Yoddha Debit Card
Marriott Bonvoy HDFC Bank Credit Card,Bank of Baroda World Agniveer Debit Card
UCO Bank SimplySAVE SBI card,Bank of Baroda Visa Classic Debit Card
American Express Membership Rewards Credit Card,Bank of Baroda MasterCard Classic Debit Card
ICICI Bank Times Black Credit Card,Bank of Baroda Rupay Classic Debit Card
Axis Bank Platinum Credit Card ,"Bank of Baroda RuPay Qsparc NCMC Debit Card
"
Axis Bank Shoppers Stop Credit Card,Bank of Baroda World VISA Sapphire Debit Card
Adani One ICICI Signature Credit Card ,Bank of Baroda Virtual Debit Card
Axis Bank Vistara Credit Card,Bank of Baroda inSIGHT Braille Debit Card
LIC Axis Bank Signature Credit Card,Bank of Baroda Mastercard World Debit card
Bajaj Finance Platinum TravelEasy SuperCard,UCO Bank RuPay Platinum Insta Contactless Debit Card
CUB SBI Prime Card,UCO RuPay Platinum Personalised Contactless Debit Card
Chennai Super Kings ICICI Bank Credit Card.,UCO Bank RuPay Select Personalised Debit Card
ICICI Bank Coral RuPay Credit Card ,UCO Bank Visa Personalised Contactless Debit Card
Axis Bank Freecharge Credit Card,UCO Bank VISA Personalised International Debit Card
Yes EMI Credit Card ,UCO Bank RuPay Platinum International Debit Card
Yes Reserv Credit Card,UCO Bank RuPay Metal ETERNA Debit Card 
HDFC Bank Biz Grow Credit Card,UCO Bank Aprajita Debit Card
SimplySave SBI Card,PNB Rupay NCMC Classic Debit Card
 HDFC Biz Black Metal Edition Credit Card,PNB Rupay NCMC Platinum Domestic Debit Card
RBL Bank EasySaver Visa Credit Card ,PNB Rupay NCMC Platinum International Debit Card
Assam Rifles The Sentinel Bobcard,PNB Rupay Select Debit Card
RBL Bank Platinum Choice Visa Credit Card   ,PNB Rupay Women Power Platinum Debit Card
ICICI HPCL Coral Credit Card,PNB Business Platinum NCMC Debit Card
First Citizen Citi Credit Card ,PNB Visa Classic Debit Card
Standard Chartered Easemytrip Credit Card,PNB Visa Gold Debit Card
Axis Bank Pride Signature Credit Card,PNB Visa Signature Debit Card
Canara Bank Rupay Platinum Secured Credit Card,PNB MasterCard Classic Debit Card
HDFC Bank Freedom Credit Card,PNB MasterCard Platinum Debit Card
Central Bank of India SBI Prime Card ,PNB MasterCard Business Debit Card
ICICI Bank Rubyx Credit Card,PNB Rupay Classic Virtual Debit Card
RBL Bank MyFirst Mastercard Credit Card   ,PNB Rupay Select Neo Debit Card
HDFC Bank Biz Power Visa Credit Card ,PNB Rupay Select Excel Debit Card
 CSC Small Business MoneyBack Credit Card,PNB Rupay Select Optima Debit Card
Ola Money SBI Credit Card,PNB Rupay Select Imperial Debit Card
HDFC Millennia Credit Card,PNB Rupay Select Rakshak Debit Card
Club Vistara SBI Card,PNB Rupay Select Rakshak Optima Debit Card
Central Bank of India SBI Elite Credit Card,PNB Rupay Select Rakshak Imperial Debit Card
Union Bank of India Visa Gold Credit Card,PNB Rupay Select Samriddhi Debit Card
ICSI Diamond Bobcard,PNB Rupay Platinum Harit Debit Card
RBL Bank Platinum Edge MasterCard ,PNB Rupay Platinum Pearl Debit Card
Indusind Samman RuPay Credit Card ,PNB Rupay Platinum Emerald Debit Card
Tata Star Card Select,PNB Rupay Platinum Solitaire Debit Card
DBS Spark 10 Credit Card  ,PNB Rupay Platinum Vishwas & Varishth Debit Card
DBS Spark 20 Visa Credit Card,PNB Rupay Platinum Vaibhav Debit Card
City Union Bank SimplySAVE SBI Card,PNB Rupay Palaash Recycled PVC Debit Card
Federal Bank AmpliFi Credit Card ,PNB Rupay Antah Drishti Braille Debit Card
Adani One ICICI Platinum Credit Card ,PNB Pay ON-THE-GO Wearable Debit Card
Myntra Kotak Credit Card,PNB MasterCard World Grand Debit Card
Indusind Crest Credit Card,PNB MasterCard Platinum Rise Debit Card
Bank of Baroda EASY Credit Card,PNB MasterCard Platinum Grow Debit Card
HDFC Moneyback Credit Card,PNB MasterCard Classic Domestic Debit Card
Indusind Pioneer Heritage Credit Card,PNB MasterCard Classic International Debit Card
RBL Bank MoneyTap Credit Card,SIB Rupay Kisan Debit Card
RBL Bank Icon Credit Card,SIB Rupay Mudra Debit Card
IDBI Euphoria World Credit Card,SIB Rupay PMJDY Debit Card
Union Bank of India Rupay Select Credit Card,SIB RuPay Classic NCMC Debit Card
RBL Bank Platinum Shopgain  Credit Card,SIB Visa Classic Debit Card
Paytm SBI Credit Card,SIB MasterCard Titanium Debit Card
BPCL SBI Credit Card,SIB RuPay Platinum EMV Debit Card
IDFC First Power+ Credit Card,SIB Rupay Platinum Explorer NCMC Debit Card
Lifestyle Home Centre SBI Card Select,SIB MasterCard Platinum Debit Card
Kotak IndiGo 6E Rewards XL Credit Card,SIB Visa Platinum Debit Card
IDFC First SWYP Credit Card,SIB Visa Platinum EMV NFC
RBL Bank Monthly Treats Credit Card  ,"SIB MasterCard Platinum Business Debit Card	"
RBL Bank Platinum ShopDaily Credit Card ,SIB MasterCard World Debit Card        
Axis Bank Titanium Smart Traveller Credit Card,SIB Visa Signature NFC Debit Card        
Axis Insta Easy Credit Card,IDFC First Private Debit Card
South Indian Bank SBI Platinum Credit Card,IDFC First Wealth Debit Card
HDFC All Miles Credit Card,IDFC First Select Debit Card
HDFC Bank World Mastercard Credit Card,IDFC World Debit Mastercard Debit Card
IDFC First Wealth Credit Card,IDFC Visa Signature Debit Card
RBL Bank MyFirst Credit Card  ,IDFC Visa Platinum Debit Card
Airtel Axis Bank Credit Card,IDFC Visa Classic Debit Card
RBL Bank iGlobe Credit Card ,IDFC RuPay Platinum Debit Card
YES Bank Paisabazaar Paisasave Credit Card,IDFC RuPay Classic Debit Card
IDFC Mayura Credit Card,IDFC Visa Platinum Business Debit Card
IndianOil RBL Bank Credit Card,IDFC Visa Signature Business Debit Card
RBL Bank Paisabazaar Duet Plus Card,HDFC Platinum Debit Card 
ICICI Bank HPCL Super Saver RuPay Credit Card,HDFC Imepria Platinum Debit Card
Yatra SBI Card,HDFC Preferred Platinum Debit Card 
IndusInd Bank Platinum RuPay Credit Card,HDFC Classic Platinum Debit Card
Axis KWIK Credit Card ,HDFC Vishesh Platinum Debit Card
Canara Bank Visa Corporate Credit Card,HDFC GIGA Business Debit Card
BPCL SBI Card Octane,HDFC Millennia Debit Card
TVS Credit RBL Bank Gold Mastercard Card ,HDFC MoneyBack Debit Card
Indusind Platinum Visa Credit Card,HDFC Infiniti Debit Card.
HDFC Diners Club Black Credit Card,HDFC EasyShop Imperia Platinum Debit Card
Reliance SBI Card,HDFC EasyShop Preferred Platinum Debit Card
Tata Croma Card Select,HDFC EasyShop Classic Platinum Debit Card
IDFC First Select Credit Card,HDFC EasyShop Platinum Debit card
RBL Bank MoneyTap Black Card,HDFC EasyShop Vishesh Debit Card
IDFC First Classic Credit Card ,HDFC Bank Times Points Debit Card
IndusInd ePay Amex Credit Card,HDFC Bank Rewards Debit Card
Rupay Platinum Credit Card,HDFC Business Debit Card
IDFC First Earn RuPay Credit Card,HDFC Rupay Platinum Debit Card
Etihad Guest Premier SBI Card,HDFC Rupay NRO Debit Card
AU Bank Altura Plus Credit Card ,HDFC Regular Debit Card
Bajaj Finance EasySaver Super Card,HDFC Easyshop Woman's Advantage Debit card
Intermiles HDFC Bank Platinum Credit Card,HDFC Titanium Royale Debit Card
Axis Bank Vistara Signature Credit Card,HDFC Titanium Debit Card
Axis Bank MY Zone Credit Card,HDFC Visa NRO Debit Card
PSB SimplySave SBI Card,HDFC Kids Advantage Debit Card
UNI Carbon Credit Card.,HDFC RuPay PMJDY Debit Card
Equitas Elegance Credit Card,IPPB Rupay Virtual Debit Card 
HDFC Bank Business Regalia First Credit Card,Yes First Debit card
Air India SBI Signature Card,Yes Apex International Debit card
American Express Platinum Travel Credit Card,Yes Apex International Metal Debit card
Platinum LifeEasy SuperCard.,Yes Engage Debit Card
IndusInd Pioneer Legacy Credit Card,Yes Element Debit Card
HDFC Bank Biz Grow Credit Card ,Yes Elegance Debit Card
PNB Rupay Millennial Card,Yes Grandeur International Debit Card
Spar SBI Card Prime,Yes Explore Debit Card
Yes Prosperity Reward Plus Credit Card,YES Premia Debit Card
Flipkart Wholesale HDFC Bank Credit Card,Yes Bank PMJDY Rupay Chip Debit Card
AU Zenith Credit Card ,Yes Venture Business Debit card
Eterna Bobcard,YES First Business Debit Card
RBL Bank Binge Credit Card     ,YES Healthfit Debit Card
American Express Gold Charge Card,YES Reflection Image Debit card
Yes Bank Card Anq Phi Credit  Card,YES Aura International Debit Card
CITI Prestige Credit Card,YES Spirit Debit Card
HDFC Bank Biz Power Credit Card,YES Upgrade Venture Business Debit Card
KVB SBI Signature Card,IndusInd Delights Debit Card
Karnataka Bank SBI Card Prime,IndusInd Visa Signature Debit Card 
UCO Bank SBI Card Elite,IndusInd World Delights Debit Card 
Kotak IndiGo 6E Rewards Credit Card ,Federal Visa Celesta Contactless Debit Card
Indian Navy Varunah Premium Bobcard,Federal Visa Imperio Contactless Debit Card
Kotak Zen Signature Credit Card,Federal Visa Crown Contactless Debit Card
Standard Chartered Rewards Credit Card,Federal Visa FedFirst Contactless Debit Card
IndianOil Axis Bank Credit Card,Federal Mastercard Celesta Contactless Debit Card
CMA One Bobcard,Federal Mastercard Imperio Contactless Debit Card
Platinum Advantage SuperCard,Federal Mastercard Crown Contactless Debit Card
RBL Bank Platinum ShopSmart MasterCard Credit Card  ,Federal Rupay Crown Debit Card
ICICI Bank Manchester United Platinum Credit Card,Federal Rupay Platinum Contactless Debit Card
Shaurya SBI Card,"Federal RuPay PMJDY Debit Card
"
SBI Card Prime Advantage ,Dhanlaxmi Visa Debit Card
SBI Card Miles,Dhanlaxmi RuPay Platinum International Debit Card
Airtel Axis Bank RuPay Credit Card ,Dhanlaxmi RuPay Classic International Debit Card
South Indian Bank Simplysave SBI Card,Dhanlaxmi RuPay Classic Debit Card
RBL Platinum Maxima Plus Card,Dhanlaxmi RuPay PMJDY Debit Card
Bank of India Master Platinum International Credit Card,DCB RuPay Platinum Debit Card
CITI Rewards Credit Card ,DCB Visa Platinum Debit Card
Paytm HDFC Bank Business Credit Card,DCB RuPay Platinum Debit Card (Basic)
Bank of Baroda ETERNA Credit card,KVB Debit Card for Savings / Current Account
Amazon Pay ICICI Bank Credit Card,KVB Prestige Debit Card
IDBI Aspire Platinum,KVB Pride Platinum Debit Card
American Express Platinum Reserve Credit Card,KVB Pride Platinum Debit Card
Platinum Shopsmart SuperCard,J&K MasterCard World Debit Card
Federal Bank MagniFi Credit Card ,J&K MasterCard Platinum Debit Card
ICICI Bank Sapphiro Credit Card,J&K MasterCard Global Debit Card (Instant / Personalised)
Canara Bank VISA Classic Credit Card,J&K Visa Global Debit Card
AU Altura Credit Card,J&K RuPay Classic (Personalised/ Instant)
Samsung Axis Bank Signature Credit Card,J&K RuPay PMJDY (Instant / Personalised)
RBL Bank Platinum Bonus Credit Card  ,J&K RuPay Mudra
Axis Horizon Mastercard Credit Card,J&K RuPay Kissan
Bankbazaar Savemax Pro Credit Card,J&K Mastercard Muhafiz Card
VISA Gold Secured Credit Card,TMB Smart Shopper Visa Debit Card
Bajaj Finserv DBS Bank 5 X Super Card,TMB My Delight Card
Tata Croma Card ,TMB Select International Debit Card
SBM Onecard Credit Card,TMB Picture Card
AU Bank Zenith+ Credit Card,TMB Classic Non-Photo Card
Platinum Bonus SuperCard,TMB Kisan Card
World Plus SuperCard,TMB PMJDY Card
RBL Bank Platinum Shopgain Visa Credit Card  ,TMB Mudra Card
KVB Platinum Credit Card,TMB International Card
Axis Bank Select Credit Card,TMB Visa Platinum Business Debit Card
Standard Chartered Platinum Rewards Credit Card,TMB Platinum Business Debit Card
RBL Bank Lazy Pay Credit Card ,City Union Visa classic Debit Card 
PSB SBI Card Prime,City Union Visa Gold Debit Card
IRCTC Rupay SBI Card,City Union Visa Platinum Debit Card
IDFC First Power Credit Card ,City Union Rupay Classic Debit Card
ICICI Bank HPCL Super Saver Credit Card,City Union Rupay PMJDY Debit Card
Standard Chartered Smart Credit Card,City Union Mastercard Debit Card
Indusind Pinnacle Credit Card ,Nainital RuPay Debit Card (standard)
Karur Vysya Bank SBI Gold Card,Nainital Contactless Debit Card
HDFC Bank Harley-Davidson Diners Club Credit Card ??,Nainital Maestro Debit Card
PNB Patanjali Rupay Platinum Card,Nainital Mastercard Debit Card
SBM Credilio Secured Credit Card,Nainital Visa Debit Card
Bajaj Finserv DBS Bank 10X Signature SuperCard,Nainital Visa Electron Debit Card
RBL Bank Patanjali Vishisht RuPay Card ,ICICI Wealth Management World Debit Card
Accelero ICICI Bank Credit Card,ICICI Private Banking Visa Infinite Debit Card
Tata Neu Infinity HDFC Bank Credit Card,ICICI Family Debit Card
Tata Neu Infinity RuPay SBI Card,ICICI Expressions Debit Card
ICICI Bank Rubyx RuPay Credit Card ,ICICI Coral Plus Debit Card
Axis Bank Reserve Credit Card,ICICI Coral Paywave Contactless Debit Card
Kotak 811 Dream Different Credit Card,ICICI Rubyx Debit Card
RBL Bank Platinum ValuePlus Credit Card ,ICICI Sapphiro Debit Card
SBM UNI card,ICICI Platinum Chip Debit Card
Axis Bank SpiceJet Voyage Black Credit Card,ICICI Titanium Debit Card
UCO Bank SBI Card Elite,ICICI RuPay Contactless NCMC Debit Card
Niyo SBM Global credit card,ICICI NRE / NRO Debit Card
RBL Bank Novio RuPay Credit Card,BOM Rupay Classic Card Debit Card 
South Indian Bank SimplySave SBI Card,BOM Rupay Select Card  Debit Card
HDFC H.O.G. Diners Club Credit Card,BOM Rupay Platinum Card Debit Card
AU Vetta Credit Card,BOM Rupay Petro Card Debit Card
J&K Bank World Credit Card,BOM Visa Classic Card Debit Card
Axis Bank Atlas Credit Card,BOM Rupay PMJDY Card Debit Card
AU Bank InstaPay Credit Card,IOB Visa Business Platinum Contactless 
Yes ELITE + Credit Card,IOB Visa Platinum (contactless)
CITI Cashback Credit Card,IOB Visa Classic (Contactless)
Mastercard Gold Credit Card,IOB Visa Gold
American Express Platinum Charge Card,IOB Visa Singature 
Axis Bank Aura Credit Card,IOB Visa Business
Kotak White Credit Card,IOB Rupay Classic 
RBL Bank Platinum ValuePlus MasterCard Credit Card  ,IOB Rupay Platinum
Central Bank Of India SimplySave SBI Card,IOB Rupay Select
RBL Bank Movies and More Credit Card,IOB Rupay Kisan
Canara Bank Mastercard Gold Secured Credit Card,IOB Rupay PMJDY
RBL Bank Platinum Plus Visa Credit Card ,IOB Mastercard World 
RBL Bank Shoprite Credit Card,IOB Mastercard Platinum
Fibe Axis Bank Credit Card ,IOB Mastercard Gold 
Canara Bank Mastercard Standard Credit Card Review,IOB Rupay Mudra EMV
Equitas Excite ,PSB Rupay Classic Debit Card
Bank of Baroda Premier Credit card,PSB RUpay Platinum Debit Card
Indusind Legend Credit Card,PSB Rupay Platinum Women Debit Card
ICICI Bank Instant Platinum Credit Card,PSB Rupay Select Debit Card
Bajaj Finance Platinum Shopdaily Supercard,PSB Rupay Classic International Debit Card
Axis Bank Ace Credit Card,DBS Signature Visa Debit Card
IDFC Bank First Millennia Credit Card ,DBS EaseMyTrip Green (Visa Signature)
PNB Rupay Select Card,DBS Visa Infinite Debit Card (Treasures)
KrisFlyer SBI Card,DBS Visa Business Debit Card
DBS Vantage Card,DBS Visa Platinum
BOB Assure Credit Card,DBS Visa Classic
Etihad Guest SBI Card,DBS BigBasket Visa Classic
RBL Bank Play Credit Card,DBS RuPay Platinum
,DBS RuPay Classic
Standard Chartered Ultimate Credit Card,
HDFC Regalia Gold Credit Card,
RBL Bank Platinum Delight Credit Card ,
SBI Card Prime,
Tata Neu Infinity HDFC Bank RuPay Credit Card,
HSBC Visa Platinum Credit Card,
RBL Bank World Safari Credit Card,
Federal Bank Mastercard Signet,
Axis Bank My Wings Credit Card,
HDFC Swiggy Credit Card ,
IDBI Royale Signature Credit Card,
Bandhan Bank Plus Credit Card,
Platinum Classic SuperCard,
RBL Bank Platinum Advantage Credit Card   ,
